{
    "accuracy": 0.8005677785663591,
    "precision": 0.6608391608391608,
    "recall": 0.5067024128686327,
    "f1": 0.5735963581183612
}